pubKey,pubName
0,Idahostatesman.com
110,PetroleumNews.com
111,abcnews.go.com
174,aberdeennews.com
261,abilene-rc.com
388,abqjournal.com
553,ace.mu.nu
672,acfreepress.com
673,adelnews.com
745,adirondackdailyenterprise.com
840,advantagenews.com
918,advertiser-tribune.com
1007,advertisergleam.com
1126,advocate-news.com
1269,advocateanddemocrat.com
1416,agjournalonline.com
1429,agupdate.com
1574,ahwatukee.com
1665,ainsworthnews.com
1668,airforcetimes.com
1704,ajc.com
1783,akronnewsreporter.com
1926,al.com
1993,alachuatoday.com
1994,alamogordonews.com
2065,alamosanews.com
2145,albanyherald.com
2319,albertleatribune.com
2466,albianews.com
2606,aledotimesrecord.com
2693,alexcityoutlook.com
2866,algona.com
2869,alibi.com
2870,alicetx.com
2883,alligator.org
3049,allyoucanread.com
3050,alpineavalanche.com
3053,altavistajournal.com
3131,altoonamirror.com
3214,alvareviewcourier.com
3217,alvinsun.net
3308,amarillo.com
3395,amboynews.com
3475,americanpress.com
3622,americanrivermessenger.com
3623,americustimesrecorder.com
3770,amestrib.com
3857,amnews.com
4004,amsnow.com
4118,anchoragepress.com
4254,andalusiastarnews.com
4401,andovertownsman.com
4528,andrewscountynews.com
4531,annandaleadvocate.com
4730,annistonstar.com
4871,ansonrecord.com
5070,antelopecountynews.com
5183,antigodailyjournal.com
5303,antigojournal.com
5423,apg-wi.com
5572,app.com
5644,appeal-democrat.com
5759,arcadianews.com
5846,archercountynews.com
5849,ardmoreite.com
5862,areawidenews.com
5875,argonautnews.com
5966,argus-press.com
6078,argusleader.com
6149,argusobserver.com
6285,arkansasbusiness.com
6286,arkansasonline.com
6353,arktimes.com
6438,armytimes.com
6474,aroundosceola.com
6525,artesianews.com
6578,ashepostandtimes.com
6725,ashleycountyledger.com
6865,ashleynewsobserver.com
6992,ashtongazette.com
7072,asianjournal.com
7073,asianjournalusa.com
7120,aspendailynews.com
7239,aspentimes.com
7296,atchisonglobenow.com
7447,athensmessenger.com
7589,athensnews.com
7700,athensreview.com
7827,atlanticcityweekly.com
7972,atmoreadvance.com
8119,auburnpub.com
8264,auburnsentinel.com
8265,auburnvillager.com
8273,augustachronicle.com
8360,augustafreepress.com
8361,auroraadvertiser.net
8385,auroranewsregister.com
8388,austinchronicle.com
8415,austindailyherald.com
8562,austinweeklynews.com
8563,avenuenews.com
8704,avoyellestoday.com
8736,avpress.com
8858,axs.tv
9127,azcentral.com
9199,azdailysun.com
9344,azlenews.net
9352,backroadsnews.com
9355,badgerherald.com
9356,bakercityherald.com
9495,bakersfield.com
9614,baltimorepostexaminer.com
9615,baltimoresun.com
9689,bangordailynews.com
9795,bannergraphic.com
9815,barnstablepatriot.com
9902,battlecreekenquirer.com
9973,baxleynewsbanner.com
10051,bayareaobserver.com
10113,baycitytribune.com
10201,bayoujournal.com
10204,baytownsun.com
10292,bayweekly.com
10293,bcdemocrat.com
10434,bcdemocratonline.com
10447,bcrnews.com
10626,bctribune.com
10629,bdemo.com
10662,bdtonline.com
10789,beachesleader.com
10792,beaconjournal.com
10879,beacononlinenews.com
10880,beardstownnewspapers.com
10888,beatricedailysun.com
11033,beaumontenterprise.com
11096,beauregarddailynews.net
11243,bedfordgazette.com
11354,beezzly.com
11393,belgrade-news.com
11552,bellevueheraldleader.com
11643,bellinghamherald.com
11753,belmondnews.com
11871,beloitdailynews.com
11991,bemidjipioneer.com
12037,bendbulletin.com
12158,bendsource.com
12185,benningtonbanner.com
12298,bentoncourier.com
12412,bentoneveningnews.com
12484,bentonspiritnews.com
12546,berkshireeagle.com
12672,beverlyreview.net
12790,bgdailynews.com
12918,bgfalconmedia.com
13037,bhpioneer.com
13180,bigforkeagle.com
13216,bighorncountynews.com
13242,bigislandnow.com
13245,bigrapidsnews.com
13308,bigspringherald.com
13422,bigtimberpioneer.net
13448,billingsgazette.com
13593,billingsthriftynickel.com
13738,biography.com
13862,birminghamtimes.com
13936,bismarcktribune.com
14081,bizjournals.com
14087,blackfootvalleydispatch.com
14090,blackmountainnews.com
14160,blackwelljournaltribune.net
14189,bladeempire.com
14192,bladenjournal.com
14391,bloomeradvance.com
14482,bluemountaineagle.com
14621,blueridgenow.com
14708,blufftontoday.com
14795,blythevillecourier.com
14815,bnd.com
14925,bocaratontribune.com
14926,bogalusadailynews.com
15073,bohemian.com
15099,bonnercountydailybee.com
15135,bonnersferryherald.com
15171,boonevilledemocrat.com
15258,boonvilledailynews.com
15297,borgernewsherald.com
15411,bosquecountytoday.com
15462,bossierpress.com
15477,boston.com
15604,bostonglobe.com
15709,bostonherald.com
15852,bostonirish.com
15853,boulder-monitor.com
15962,bouldercityreview.com
16099,bozemandailychronicle.com
16259,bradenton.com
16369,bradfordera.com
16510,brainerddispatch.com
16556,bransontrilakesnews.com
16696,brenhambanner.com
16835,brewtonstandard.com
16982,bridgervalleypioneer.com
17062,bristownews.com
17115,broadsideonline.com
17158,brookingsregister.com
17238,broomfieldenterprise.com
17381,browardpalmbeach.com
17494,browncitybanner.mihomepaper.com
17495,brownwoodtx.com
17508,brunswicktimes-gazette.com
17586,brushnewstribune.com
17729,bryantimes.com
17865,buckrail.com
17866,buckscountycouriertimes.com
17953,bucyrustelegraphforum.com
18024,buffalobulletin.com
18119,buffalonews.com
18264,buglenewspapers.com
18267,bulgariasega.com
18268,bulletin-news.com
18269,burlington-record.com
18412,burlingtoncountytimes.com
18499,burlingtonfreepress.com
18570,burnetbulletin.com
18621,burtonview.mihomepaper.com
18622,businessobserverfl.com
18701,butlercountytimesgazette.com
18714,butlereagle.com
18889,bvwv.nwaonline.com
18956,c-span.org
18980,cabinet.com
19075,cadillacnews.com
19160,calaverasenterprise.com
19193,caledonianrecord.com
19334,calhounchronicle.com
19335,californiademocrat.com
19402,caller.com
19473,camdenarknews.com
19540,cameronherald.com
19588,campcountynow.com
19636,canadianrecord.com
19639,canarsiecourier.com
19712,canoncitydailyrecord.com
19855,cantondailyledger.com
19942,cantonrep.com
20029,capecodtimes.com
20116,capecoralbreeze.com
20211,capemaycountyherald.com
20324,capenews.net
20409,capitalpress.com
20547,capjournal.com
20683,caprockcourier.com
20686,caravannews.com
20687,carboncountynews.com
20713,carmichaeltimes.com
20714,carolinacoastonline.com
20792,carriagetownenews.com
20919,carrollconews.com
20932,carrollspaper.com
21041,cartoonnetwork.com
21042,caseynews.net
21043,casperjournal.com
21188,cassville-democrat.com
21201,caswellmessenger.com
21279,cavalierdaily.com
21408,cbc.ca
21500,cbsnews.com
21583,cbssports.com
21660,ccenterdispatch.com
21799,cctimesdemocrat.com
21812,cdapress.com
21848,cecildaily.com
21991,centerpostdispatch.com
22071,centraljersey.com
22072,centralmaine.com
22129,centredaily.com
22239,cerescourier.com
22444,cgsentinel.com
22524,chaffeecountytimes.com
22532,chagrinvalleytoday.com
22617,chamberlainsun.com
22618,championnewspapers.com
22753,chanute.com
22889,charitonleader.com
23025,charkoosta.com
23110,charlestonbusiness.com
23111,charlestoncitypaper.com
23173,charlestonexpress.com
23260,charlotte.floridaweekly.com
23284,charlotte.quepasanoticias.com
23350,charlotteobserver.com
23460,charltoncountyherald.com
23493,chathamjournal.com
23536,cheboygannews.com
23623,cheneyfreepress.com
23627,cherokeescout.com
23809,chestertontribune.com
24078,chetekalert.com
24191,chicago.suntimes.com
24251,chicagobusiness.com
24257,chicagoreader.com
24287,chicagotribune.com
24361,chickashanews.com
24488,chicoer.com
24631,chieftain.com
24718,chilkatvalleynews.com
24721,chillicothegazette.com
24792,chillicothenews.com
24831,chillicothetimesbulletin.com
24918,chinookobserver.com
25057,chippewa.com
25202,chron.com
25265,chronicle-express.com
25278,chronicle-independent.com
25279,chronicle-tribune.com
25543,chronicleonline.com
25639,chroniclet.com
25724,cincinnati.com
25795,circlevilleherald.com
25937,citizen-times.com
26008,citizenside.com
26009,citizensvoice.com
26148,citizentribune.com
26292,citrusheightsmessenger.com
26293,city-sentinel.com
26389,citybeat.com
26477,cityweekly.net
26503,cjonline.com
26590,cknj.com
26591,claiborneprogress.net
26738,clantonadvertiser.com
26885,claremoreprogress.com
27012,clarindaherald.com
27157,clarionledger.com
27228,clarkecountydemocrat.com
27498,claycountyfreepress.com
27499,claycountyprogress.com
27681,clclt.com
27951,clearwaterprogress.com
28064,clearwatertribune.com
28142,cleburnetimesreview.com
28269,clermontsun.com
28468,cleveland.com
28535,clevelandcountyherald.com
28538,clevelandjewishnews.com
28665,clevescene.com
28753,cliftonrecord.com
28804,clinton.wickedlocal.com
28891,clintonherald.com
29018,clintonnc.com
29217,clipperpubco.com
29220,clovisroundup.com
29221,cnn.com
29315,coalvalleynews.com
29434,coastalpoint.com
29512,coastalview.com
29520,codyenterprise.com
29528,colchestersun.com
29641,collegian.psu.edu
29817,coloradoan.com
29888,coloradodaily.com
30031,coloradohometownweekly.com
30174,columbiabasinherald.com
30210,columbiadailyherald.com
30297,columbiamissourian.com
30424,columbian.com
30443,columbiatribune.com
30530,columbusalive.com
30617,columbustelegram.com
30762,commercial-news.com
30889,commercialappeal.com
30961,communityadvocate.com
30962,communitynewspapergroup.com
31106,conejoscountycitizen.com
31186,connectsavannah.com
31225,conwaydailysun.com
31366,coopercrier.com
31493,copiahcountycourier.com
31516,coppercountrynews.com
31596,cordeledispatch.com
31743,cordellbeacon.com
31796,coronadonewsca.com
31829,corsicanadailysun.com
31956,corydontimes.com
32083,coshoctontribune.com
32154,countycourier.net
32155,courant.com
32229,courier-journal.com
32301,courier-record.com
32570,courier-tribune.com
32657,courierjournal.net
32745,couriernews.com
33009,courierpapers.com
33087,courierpostonline.com
33158,courierpress.com
33230,covnews.com
33253,cpioneer.com
33393,craigdailypress.com
33450,crainscleveland.com
33457,crainsdetroit.com
33464,crainsnewyork.com
33470,creightonian.com
33582,creightonnews.com
33667,crescent-news.com
33809,crestonnews.com
34003,crooksandliars.com
34177,crookstontimes.com
34190,crossroadschronicle.com
34250,crossville-chronicle.com
34377,crowleypostsignal.com
34409,crowrivermedia.com
34576,csbj.com
34654,csindy.com
34732,csmonitor.com
34733,csrecord.net
34734,ctinsider.com
34797,ctnewsonline.com
34915,ctpost.com
34978,ctpostchronicle.com
35041,cullmantimes.com
35168,culvercityobserver.com
35192,cumberlink.com
35337,currentargus.com
35408,currypilot.com
35522,cushingcitizen.com
35525,custercountychief.com
35639,cutbankpioneerpress.com
35724,cw.ua.edu
35766,daily-chronicle.com
35945,daily-jeff.com
36032,daily-journal.com
36172,daily-times.com
36243,dailyadvance.com
36377,dailyadvocate.com
36518,dailyamerican.com
36605,dailyastorian.com
36746,dailybreeze.com
36889,dailybulletin.com
37032,dailycamera.com
37175,dailycitizen.news
37302,dailycollegian.com
37303,dailycomet.com
37390,dailycommercial.com
37477,dailycorinthian.com
37741,dailycourier.com
37828,dailydemocrat.com
37971,dailyegyptian.com
38015,dailyemerald.com
38170,dailyfreeman.com
38313,dailygamecock.com
38356,dailygazette.com
38577,dailyherald.com
38649,dailyindependent.com
38776,dailyinterlake.com
38812,dailyiowan.com
38813,dailyitem.com
38940,dailyjournal.net
39081,dailyjournalonline.com
39226,dailykos.com
39303,dailyleader.com
39450,dailyleaderextra.com
39590,dailylobo.com
39633,dailylocal.com
39776,dailymail.co.uk
39904,dailynebraskan.com
39947,dailynews.com
40090,dailynorthwestern.com
40253,dailypostathenian.com
40400,dailypress.com
40476,dailypress.net
40571,dailyprincetonian.com
40675,dailyprogress.com
40820,dailyrecord.com
40891,dailyrecordnews.com
41050,dailyregister.com
41122,dailyrepublic.com
41165,dailyrepublicannews.com
41237,dailysentinel.com
41356,dailytargum.com
41357,dailytarheel.com
41515,dailytimes.com
41611,dailytoreador.com
41710,dailytribune.com
41853,dailyunion.com
41973,dailyuw.com
42059,dailyworld.com
42130,dallasnews.com
42220,dallasobserver.com
42335,daltondailycitizen.com
42462,danapointtimes.com
42625,dariennewsonline.com
42688,darientimes.com
42751,davisclipper.com
42813,davisenterprise.com
42856,davisonindex.mihomepaper.com
42857,dawsonnews.com
42956,dayton.com
43005,daytonatimes.com
43145,daytondailynews.com
43211,dbknews.com
43212,dbrnews.com
43357,dchieftain.com
43378,dcourier.com
43656,dddnews.com
43676,deadspin.com
43761,decaturdaily.com
43907,decaturdailydemocrat.com
44021,delawareonline.com
44092,delcotimes.com
44235,delmarvanow.com
44306,delnorteprospector.com
44386,deltacountyindependent.com
44522,deltadiscovery.com
44523,deltanewscitizen.com
44543,deltanewsweb.com
44544,deltawindonline.com
44629,democratandchronicle.com
44701,democratherald.com
44846,democrattribune.com
44866,demopolistimes.com
45013,dentonrc.com
45133,denverpost.com
45276,denverurbanspectrum.com
45342,dequeenbee.com
45482,derbyinformer.com
45595,derrynews.com
45722,deseret.com
45787,deseretnews.com
45852,desertnews.com
45937,desertsun.com
46008,desmoinesregister.com
46080,desototimes.com
46165,detroitnews.com
46237,devilslakejournal.com
46436,dewitt-ee.com
46465,dewittcountytoday.com
46531,dewittobserver.com
46644,dglobe.com
46690,diaadianews.com
46691,digitalspy.co.uk
46721,dillontribune.com
46724,dispatch.com
46811,djournal.com
46942,dl-online.com
46988,dnews.com
47136,dnj.com
47207,dnronline.com
47324,dodgeglobe.com
47337,dominionpost.com
47360,donaldsonvillechief.com
47447,doniphanherald.com
47573,dosmundos.com
47574,dothaneagle.com
47719,douglas-budget.com
47859,douglascountysentinel.com
48123,dovecreekpress.com
48124,doverpost.com
48195,downriversundaytimes.com
48196,drudgereport.com
48424,dublincitizen.com
48477,duboiscountyherald.com
48741,duluthnewstribune.com
48787,duncanbanner.com
48914,dundalkeagle.com
49055,duquoin.com
49127,durangoherald.com
49210,durangotelegraph.com
49211,dvalnews.com
49234,dyersvillecommercial.com
49353,dziennikzwiazkowy.com
49354,eacourier.com
49490,eaglenewsonline.com
49491,eagleobserver.com
49558,eagletimes.com
49698,eagletribune.com
49825,eaglevoice.com
49826,eastbayexpress.com
49852,eastbaytimes.com
49995,eastcentraliowanews.com
50114,easternecho.com
50187,easternshorepost.com
50188,easthamptonstar.com
50189,eastoregonian.com
50330,eastpeoriatimescourier.com
50417,eastvalleytribune.com
50508,easyreadernews.com
50534,echo-pilot.com
50621,echopress.com
50667,edgewood.news
50668,edition.cnn.com
50762,edmondsbeacon.villagesoup.com
50765,effinghamdailynews.com
50892,egcitizen.com
50970,ehextra.com
51084,elba-clipper.com
51169,elberton.com
51229,eldoradonews.com
51296,elheraldonews.com
51297,elizabethton.com
51444,elkharttruth.com
51708,elkintribune.com
51907,elkodaily.com
52052,elkvalleytimes.com
52192,ellatinoonline.com
52215,elle.com
52255,ellsworthamerican.com
52347,ellwoodcityledger.com
52434,elnuevoherald.com
52544,elpasotimes.com
52615,elplaneta.com
52646,elrenotribune.com
52649,elsoldesalinas.com
52720,elsolnews.com
52721,elynews.com
52722,emissourian.com
52835,emporiagazette.com
52975,enewscourier.com
53102,enidnews.com
53229,ennisdailynews.com
53232,enquirerjournal.com
53496,enterprisenews.com
53583,eptrail.com
53726,erwinrecord.net
53828,escalontimes.com
54033,essexnewsdaily.com
54060,essexreporter.com
54173,esubulletin.com
54206,eunicetoday.com
54238,eurekaherald.com
54241,eurekasentinel.com
54242,evangelinetoday.com
54274,eveningsun.com
54345,eveningtribune.com
54432,evesun.com
54433,examiner-enterprise.com
54520,examiner.net
54533,examiner.org
54566,examinerpublications.com
54567,exploreclarion.com
54838,fairfaxtimes.com
54923,fairfieldsuntimes.com
55032,fairmontsentinel.com
55127,falmouthoutlook.com
55133,faribaultcountyregister.com
55221,farmforum.net
55308,farmvilleherald.com
55455,fauquier.com
55574,fayettecountyrecord.com
55577,fayettetribune.com
55704,fayobserver.com
55791,fbherald.com
55937,fbnewsleader.com
55997,fcnp.com
56021,fdlreporter.com
56092,fergusfallsjournal.com
56205,fgazette.com
56208,fhtimes.com
56216,fiddleheadfocus.com
56311,firesideguard.com
56343,flashscore.com
56375,flathatnews.com
56376,flcourier.com
56516,flippinonline.com
56529,flkeysnews.com
56639,floridatoday.com
56711,floydcountytimes.com
56873,floydct.com
57035,fltimes.com
57176,focusdailynews.com
57227,fontanaheraldnews.com
57395,forestparkreview.com
57396,forsythnews.com
57476,fortmorgantimes.com
57619,fortmyers.floridaweekly.com
57643,fortmyersbeachtalk.com
57737,fortstocktonpioneer.com
57740,fortworthbusiness.com
57741,fosters.com
57828,fowlertribune.com
57841,foxsports.com
57924,franklinadvocate.com
57953,franklincountycitizen.com
58013,franklinfavorite.com
58277,fredericknewspost.com
58370,fredericksburg.com
58515,fredericksburgstandard.com
58573,freemanjournal.net
58668,freemansd.com
58671,freep.com
58743,fremonttribune.com
58888,fresnobee.com
58998,frontiersman.com
59134,fstribune.com
59154,fsunews.com
59225,ft.com
59226,ftleavenworthlamp.com
59239,fultonsun.com
59306,fuse.tv
59400,fwbusiness.com
59531,gadsdentimes.com
59618,gaffneyledger.com
59887,gainesville.com
59974,gainesvilleregister.com
60101,gainesvilletimes.com
60225,galesburg.com
60312,gallatinnews.com
60459,galtheraldonline.com
60537,galvnews.com
60633,gaming.net
60639,gantdaily.com
60695,gastongazette.com
60782,gatesvillemessenger.com
60790,gazebogazette.com
60791,gazette.com
60973,gazetterecord.com
60981,gazettetimes.com
61126,gazettextra.com
61225,gbtribune.com
61247,gcdailyworld.com
61267,gcnews.com
61536,gctelegram.com
61549,gctimesonline.com
61661,geneseorepublic.com
61748,gettysburgtimes.com
61868,gilbertsunnews.com
61959,gillettenewsrecord.com
62078,gilroydispatch.com
62112,gjsentinel.com
62253,gladwinmi.com
62374,glasgowcourier.com
62645,glendalestar.com
62736,globegazette.com
62881,gloucestertimes.com
63008,gmtoday.com
63146,godanriver.com
63291,goerie.com
63378,golaurens.com
63497,goldendalesentinel.com
63575,goldenstatenewspapers.com
63710,goldrivermessenger.com
63711,goleader.com
63734,golfchannel.com
63780,gonzagabulletin.com
63920,gonzalestribune.com
63954,goodtimes.sc
63980,gosanangelo.com
64051,goshennews.com
64178,goskagit.com
64320,gospelherald.com
64596,gothamgazette.com
64597,goupstate.com
64684,gpkmedia.com
64793,grahamstar.com
64975,graingertoday.com
65084,grandblancview.mihomepaper.com
65085,grandcoulee.com
65088,grandforksherald.com
65134,grandhaventribune.com
65398,grandrapidsmn.com
65542,granitefallsnews.com
65555,grantcountyherald.com
65556,grantherald.com
65557,granttribune.com
65561,grbj.com
65586,greatfallstribune.com
65657,greeleytribune.com
65800,greenbaypressgazette.com
65871,greenevillesun.com
66018,greenfieldnews.com
66052,greenfieldreporter.com
66193,greenfieldvedette.com
66222,greenriverstar.com
66225,greensboro.com
66370,greensburgdailynews.com
66497,greenvilleadvocate.com
66644,greenvilleonline.com
66715,greenwichtime.com
66778,gridleyherald.com
66779,griffindailynews.com
67043,grossepointenews.com
67044,grundycountyherald.com
67183,gsabusiness.com
67184,gsn.com
67327,gspublishing.net
67330,gtweekly.com
67356,guardianlv.com
67409,guardonline.com
67673,guernseygazette.com
67753,gueydantoday.com
67785,gulflive.com
67849,gunnisontimes.com
68118,guymondailyherald.com
68131,hammondstar.com
68395,hampshirereview.com
68403,hamptonroadsmessenger.com
68404,hanfordsentinel.com
68503,hannapub.com
68621,hannibal.net
68734,harborcountry-news.com
68998,harlandaily.com
69145,harlanenterprise.net
69292,harrisonnewsherald.com
69315,hartfordcitynewstimes.com
69455,hastingsstargazette.com
69574,hastingstribune.com
69717,hattiesburgamerican.com
69788,havasunews.com
69925,havredailynews.com
70196,haysfreepress.com
70202,hazard-herald.com
70370,hcindependent.com
70371,hcnews.com
70449,hdnews.net
70462,healthcitysun.com
70732,helena-arkansas.com
70755,helenair.com
70900,helenaworld.org
70923,hendersondailynews.com
71049,hendersondispatch.com
71313,henricocitizen.com
71587,henryherald.com
71748,herald-dispatch.com
71881,herald-review.com
72026,herald-zeitung.com
72114,heraldadvocate.com
72313,heraldandnews.com
72451,heraldandtribune.com
72575,heraldargus.com
72839,heraldbanner.com
72966,heraldbulletin.com
73093,heraldchronicle.com
73233,heraldcourier.com
73378,heralddemocrat.com
73391,heraldextra.com
73485,heraldguide.com
73518,heraldledger.com
73782,heraldmailmedia.com
73869,heraldnews.com
73956,heraldonline.com
74066,heraldpalladium.com
74330,heraldstandard.com
74401,heraldstaronline.com
74484,heraldsun.com
74594,heraldtimesonline.com
74681,heraldtribune.com
74768,hermannadvertisercourier.com
74908,hermistonherald.com
75047,herscherpilot.com
75125,hesperianbeacononline.com
75128,hesstonrecord.com
75129,hfherald.com
75132,hgazette.com
75259,hhjonline.com
75321,hiawathaworldonline.com
75450,hibbingmn.com
75591,hickoryrecord.com
75736,highlandernews.com
75787,highlandsnews.com
75855,highplainsobserver.com
75917,hillcountrypassport.com
75918,hillsborofreepress.com
75942,hillsdale.net
76029,hjnews.com
76162,hl.nwaonline.com
76229,hmbreview.com
76365,hngnews.com
76464,hobbsnews.com
76465,hockessincommunitynews.com
76536,hollandsentinel.com
76623,hollywoodreporter.com
76734,holyokeenterprise.com
76738,homenewshere.com
76878,hometownlife.com
76949,hometownsource.com
77075,hoodrivernews.com
77215,host.madison.com
77360,hotair.com
77389,hotsr.com
77456,houmatimes.com
77457,houmatoday.com
77544,houstonherald.com
77595,howeenterprise.com
77596,hpenews.com
77860,hpherald.com
77938,hpj.com
78065,htrnews.com
78136,hudsonreporter.com
78137,hudsonstarobserver.com
78256,hudsonvalley360.com
78392,huffingtonpost.com
78511,hugonews.com
78514,hulu.com
78519,hungryhorsenews.com
78555,huroncountyview.mihomepaper.com
78556,hutchnews.com
78643,iberianet.com
78779,idahocountyfreepress.com
78915,idahopress.com
79053,idahostatejournal.com
79186,idsnews.com
79239,iecn.com
79266,ifc.com
79345,ihoneida.com
79346,illinoistimes.com
79374,impactolatino.com
79380,imperialbeachnewsca.com
79413,imperialrepublican.com
79417,indeonline.com
79504,independentappeal.com
79613,independentmail.com
79684,independentnews.com
79713,independentri.com
79827,independenttribune.com
79972,independentvoice.com
79973,indexjournal.com
80104,indianagazette.com
80231,indiawest.com
80232,indystar.com
80304,indyweek.com
80305,inforum.com
80351,insidenova.com
80455,insidetucsonbusiness.com
80546,insightnews.com
80631,investors.com
80703,inyoregister.com
80817,iosconews.com
80983,ironcountytoday.com
81045,ironmountaindailynews.com
81140,irontontribune.com
81287,isanti-chisagocountystar.com
81372,islandpacket.com
81482,itemlive.com
81483,itemonline.com
81610,ithaca.com
81740,ithacajournal.com
81811,ivpressonline.com
81926,iwantthenews.com
82039,jacksonfreepress.com
82058,jacksonprogress-argus.com
82214,jacksonsun.com
82285,jacksonville.com
82372,jacksonvilleprogress.com
82499,jamestownsun.com
82545,jaxdailyrecord.com
82624,jcnews.com
82627,jconline.com
82698,jcsentinel.com
82731,jdnews.com
82818,jeffersonpost.com
82965,jenningsdailynews.net
82968,jerseyshoreonline.com
83147,jewishaz.com
83225,jg-tc.com
83370,jhnewsandguide.com
83378,johnsoncitypress.com
83522,jonesborosun.com
83786,joplinglobe.com
83913,journal-Spectator.com
84043,journal-advocate.com
84186,journal-news.com
84235,journal-news.net
84357,journal-republican.com
84475,journal-topics.com
84476,journaldemocrat.com
84489,journalenterprise.com
84753,journalgazette.net
84814,journalinquirer.com
84954,journalnow.com
85099,journalpatriot.com
85243,journalstandard.com
85330,journalstar.com
85475,journaltimes.com
85620,journaltrib.com
85889,jsonline.com
85960,juancole.com
85984,julesburgadvocate.com
86127,junctioncityunion.com
86246,kanerepublican.com
86359,kansan.com
86499,kansas.com
86609,kansascity.com
86719,kaplantoday.com
86751,kaufmanherald.com
86864,kcchronicle.com
87043,kdhnews.com
87183,kdminer.com
87270,kearneyhub.com
87415,kemmerergazette.com
87495,kenbridgevictoriadispatch.com
87642,kendallcountynow.com
87821,kenoshanews.com
87966,kentucky.com
88076,kentuckynewera.com
88340,ketchikandailynews.com
88418,keysnews.com
88538,kilgorenewsherald.com
88671,kingcityrustler.com
88705,kingsvillerecord.com
88783,kinston.com
88870,kiowacountypress.net
88876,kiowacountysignal.com
88889,kitsapsun.com
88960,kitv.com
89114,knox.villagesoup.com
89115,knoxnews.com
89187,knoxvilledailysun.com
89188,kodiakdailymirror.com
89306,kokomotribune.com
89433,kpcnews.com
89560,ksusentinel.com
89561,laconiadailysun.com
89698,laconnerweeklynews.com
89701,lacrossetribune.com
89846,ladowntownnews.com
89937,ladysmithnews.com
90028,lafourchegazette.com
90147,lagniappemobile.com
90176,lagrandeobserver.com
90317,lagrangenews.com
90464,lagunabeachindy.com
90492,lahainanews.com
90580,lajuntatribunedemocrat.com
90593,lakecityreporter.com
90653,lakecountyexam.com
90786,lakecountystar.com
90849,lakegazette.net
90989,lakegenevanews.net
91134,lakenewsonline.com
91142,lakenormanpublications.com
91411,lakeoconeebreeze.net
91538,lakeplacidnews.com
91626,lakepowellchronicle.com
91706,lamardemocrat.com
91735,lamarledger.com
91878,lampasasdispatchrecord.com
91881,lancastereaglegazette.com
91952,lancasteronline.com
92090,lanoticia.com
92154,lansingstatejournal.com
92226,laoferta.com
92376,laopinion.com
92452,lapeerareaview.mihomepaper.com
92453,laprensa-sandiego.org
92454,laprensanwa.com
92521,lapress.com
92599,laraza.com
92673,lasentinel.net
92679,laserbuddy.com
92697,lassennews.com
92698,lasvegasoptic.com
92817,lasvegassun.com
92908,lasvegasweekly.com
92999,laureloutlook.com
93025,laurenscountyadvertiser.net
93026,laurinburgexchange.com
93225,lavozarizona.com
93297,law.com
93360,lbbusinessjournal.com
93368,lbpost.com
93376,lccentral.com
93377,lcnewschronicle.com
93423,lcnewspapers.com
93530,lcsun-news.com
93601,ldnews.com
93672,leader-call.com
93799,leader-news.com
93938,leaderadvertiser.com
93974,leadercourier-times.com
93977,leaderherald.com
94129,leaderpub.com
94276,leadertelegram.com
94407,leadertimes.com
94492,leadvilleherald.com
94500,leavenworthtimes.com
94513,lebanon-express.com
94658,lebanondemocrat.com
94922,ledger-enquirer.com
95032,leecountycourier.net
95179,leelanaunews.com
95182,leesvilledailyleader.com
95329,lehighacrescitizen.com
95417,lehighvalleylive.com
95484,lemarssentinel.com
95504,lenconnect.com
95591,leominsterchamp.com
95604,leoweekly.com
95692,lewisherald.com
95695,lewispnj.com
95724,lewistownnews.com
95750,lewistownsentinel.com
95833,lexch.com
95978,lhvc.com
95981,lightandchampion.com
96032,limaohio.com
96163,lincolncourier.com
96250,lincolnherald.net
96251,lincolnjournalinc.com
96370,lincolnsentinel.com
96373,lincolntimesnews.com
96458,lingleguide.com
96538,linncountyleader.com
96577,livestockweekly.com
96580,livingstondaily.com
96651,livingstonenterprise.com
96677,livingstonparishnews.com
96768,ljworld.com
96859,lmtonline.com
96922,lmtribune.com
97074,lobservateur.com
97221,lockhaven.com
97304,lockportjournal.com
97431,lodinews.com
97524,loganbanner.com
97643,logandaily.com
97764,loganwoodbine.com
97909,lohud.com
97981,lompocrecord.com
98114,londonderrytimes.net
98115,losaltosonline.com
98123,losbanosenterprise.com
98124,loscerritosnews.net
98125,loudountimes.com
98244,lovelycitizen.com
98257,lowellsun.com
98400,lowndessignal.com
98547,lsureveille.com
98673,lubbockonline.com
98760,lufkindailynews.com
98856,luskherald.com
98936,lyndentribune.com
98944,machiasnews.com
98945,macombdaily.com
98983,macon.com
99093,maconhomepress.com
99122,maderatribune.com
99123,madison.com
99268,madisoncourier.com
99532,magicvalley.com
99677,magnoliabannernews.com
99744,magnoliareporter.com
99829,mainlinemedianews.com
99972,mainstreetnews.com
100050,malvern-online.com
100063,mantecabulletin.com
100267,maplelakemessenger.com
100466,maqnews.com
100557,margatenews.net
100619,mariettatimes.com
100702,marinecorpstimes.com
100738,marinij.com
100881,marionrecord.com
100882,marionstar.com
100953,marshallindependent.com
101048,marshallnews.com
101061,marshallnewsmessenger.com
101173,marshallparthenon.com
101174,marshfieldnewsherald.com
101245,martinezgazette.com
101246,martinsvillebulletin.com
101391,marysvilleonline.net
101476,maryvilledailyforum.com
101602,maryvilleforum.com
101728,masslive.com
101795,mauinews.com
101878,mauinow.com
101929,maysville-online.com
102128,mcalesternews.com
102255,mcall.com
102331,mccallstarnews.com
102344,mccookgazette.com
102364,mcdonoughvoice.com
102451,mcdowellnews.com
102596,mcduffieprogress.com
102727,mcgregormirror.com
102756,mcindependentnews.com
102757,mckenzieriverreflectionsnewspaper.com
102760,mcphersonsentinel.com
102773,mdcp.nwaonline.com
102840,mddcpress.com
102841,mdislander.com
102933,mdjonline.com
103077,meadvilletribune.com
103204,mebaneenterprise.com
103282,medina-gazette.com
103365,memphisdemocrat.com
103366,menastar.com
103506,mendocinobeacon.com
103649,mendotareporter.com
103729,mercedsunstar.com
103839,mercurynews.com
103982,meridianstar.com
104109,merrimackvalleyvoice.com
104112,mesabitribune.com
104253,mesquitelocalnews.com
104277,messagemedia.co
104417,messenger-inquirer.com
104681,messengernews.net
104776,metro.us
104887,metropolisplanet.com
105151,metrotimes.com
105239,metrowestdailynews.com
105326,metteradvertiser.com
105411,miamiherald.com
105521,miaminewtimes.com
105634,miamitimesonline.com
105719,miamivalleytoday.com
105819,mibiz.com
105820,michigansthumb.com
105883,middleburycampus.com
105968,middlesborodailynews.com
106115,middlesboronews.com
106262,middletownpress.com
106325,middletowntranscript.com
106396,midhudsonnews.com
106467,midriversnewsmagazine.com
106563,milanmirrorexchange.com
106564,milescitystar.com
106567,milfordbeacon.com
106638,milforddailynews.com
106725,milfordmirror.com
106788,millburysutton.com
106801,miltonindependent.com
106914,miltontimes.com
106992,mineralcountyminer.com
107072,minicassia.com
107080,mininggazette.com
107175,miningjournal.net
107270,minotdailynews.com
107365,mississippivalleypublishing.com
107489,missoulian.com
107634,mitchellnews.com
107694,mitchellrepublic.com
107740,mlive.com
107807,mlstargazette.com
107815,mndaily.com
107817,moabtimes.com
108086,modbee.com
108196,monett-times.com
108209,monroecountyappeal.com
108210,monroenews.com
108297,montanakaimin.com
108382,montcova.com
108383,montenews.com
108396,montereycountyweekly.com
108527,montereyherald.com
108670,montevistajournal.com
108750,montgomery-herald.com
108877,montgomeryadvertiser.com
108949,montgomerycountynews.net
109011,montgomeryherald.com
109020,montrosepress.com
109156,moodycountyenterprise.com
109236,moorcroftleader.com
109505,mooreamerican.com
109632,moorenews.com
109763,mooresvilletribune.com
109908,moraminn.com
109993,morgancountycitizen.com
110116,morganhilltimes.com
110150,morganton.com
110295,morning-times.com
110415,morningjournal.com
110558,morningjournalnews.com
110641,morrisherald-news.com
110820,mortontimesnews.com
110907,moultonadvertiser.com
110995,moultrieobserver.com
111122,mountainenterprise.com
111123,mountainhomenews.com
111143,mountainmessenger.com
111144,mountainstatesman.com
111224,mountolivetribune.com
111423,mpacorn.com
111429,mpnnow.com
111516,mrt.com
111579,msjnews.com
111641,msn.foxsports.com
111724,mt-peaks.com
111923,mtairynews.com
112122,mtcarmelregister.com
112386,mtdemocrat.com
112429,mtexpress.com
112437,mtshastanews.com
112524,mtstandard.com
112669,mukilteobeacon.villagesoup.com
112672,muncievoice.com
112673,murfreesboropost.com
112820,murrayledger.com
112960,muscatinejournal.com
113105,muskogeephoenix.com
113232,mycarrollcountynews.com
113350,mycentraljersey.com
113421,mydailyrecord.com
113517,mydallaspost.com
113716,myeasternshoremd.com
113857,myheraldreview.com
113993,myhorrynews.com
114120,myjournalcourier.com
114183,myleaderpaper.com
114324,mylifetime.com
114369,mymalonetelegram.com
114505,mymcr.net
114623,myplainview.com
114686,myrecordjournal.com
114711,myrtlebeachonline.com
114821,mysanantonio.com
114884,mysoutex.com
115011,mysuburbanlife.com
115190,mysullivannews.com
115191,mytownneo.com
115278,mywebtimes.com
115457,nadignewspapers.com
115479,napavalleyregister.com
115624,naplesnews.com
115695,nashobavalleyvoice.com
115838,nashuatelegraph.com
115933,nashvillescene.com
116045,nassaucountyrecord.com
116105,natchezdemocrat.com
116252,navajotimes.com
116253,navytimes.com
116289,nbcsports.com
116350,ncadvertiser.com
116413,ncnewsonline.com
116540,ncnewspress.com
116553,neatowncourier.com
116573,nemonews.net
116574,nenpa.com
116575,nevadaappeal.com
116576,nevadabusiness.com
116577,nevadadailymail.com
116597,nevadaiowajournal.com
116684,newarkadvocate.com
116755,newarkpostonline.com
116896,newbernsj.com
116983,newberryobserver.com
117182,newburyportnews.com
117309,newcanaannewsonline.com
117372,newcarlislenews.net
117378,newjerseyhills.com
117473,newportnewstimes.com
117592,newportplaintalk.com
117739,newportri.com
117826,newportthisweek.com
118095,newportvermontdailyexpress.com
118209,newrichlandstar.com
118210,news-bulletin.com
118231,news-daily.com
118387,news-expressky.com
118527,news-gazette.com
118622,news-graphic.com
118763,news-herald.com
118906,news-herald.net
119053,news-journal.com
119168,news-journalonline.com
119255,news-leader.com
119326,news-press.com
119397,news-sentinel.com
119492,news-shield.com
119583,news-star.com
119596,news.citysuntimes.com
119709,news.hjnews.com
119842,newsadvance.com
119987,newsaegis.com
120114,newsandsentinel.com
120197,newsandtribune.com
120324,newsargus.com
120588,newsblade.com
120591,newsbug.info
120738,newschief.com
120825,newsday.com
120879,newsdemocrat.com
121076,newsexaminer.com
121340,newsherald.com
121427,newsitem.com
121546,newsleader.com
121617,newslj.com
121640,newsminer.com
121760,newsmirror.net
121928,newsobserver.com
122038,newsoforange.com
122116,newsok.com
122203,newsontheneck.com
122323,newspressnow.com
122496,newsrecord.org
122597,newsrepublican.com
122684,newstimes.com
122747,newstopicnews.com
123011,newstrib.com
123190,newstribune.com
123257,newsvirginian.com
123402,newswatchman.com
123544,newszoom.com
123547,newtimesslo.com
123594,newtondailynews.com
123790,nhbr.com
123803,nhonews.com
123887,nhregister.com
123950,niagara-gazette.com
124077,nj.com
124145,njherald.com
124232,njjewishnews.timesofisrael.com
124345,nkctribune.com
124346,nmpress.org
124379,nnbw.com
124380,nogalesinternational.com
124516,nola.com
124643,nolangroupmedia.com
124779,nonpareilonline.com
124924,noozhawk.com
124962,norfolkdailynews.com
125089,normantranscript.com
125216,northbaybusinessjournal.com
125342,northcoastcitizen.com
125456,northcoastjournal.com
125483,northcountrynow.com
125506,northcountymessenger.com
125507,northeastnebraskanews.us
125510,northernexpress.com
125557,northfortynews.com
125568,northfulton.com
125699,northjersey.com
125771,northplattebulletin.com
125772,northwestgeorgianews.com
125916,northwestsignal.net
126052,norwalkreflector.com
126180,norwichbulletin.com
126267,nptelegraph.com
126412,nrcolumbus.com
126445,nrtoday.com
126541,nuevosiglo.com
126542,nujournal.com
126637,nuvo.net
126763,nvdaily.com
126885,nwaonline.com
126952,nwestiowa.com
127040,nwfdailynews.com
127127,nwherald.com
127306,nwitimes.com
127451,nwnews.com
127529,nypost.com
127605,nysun.com
127708,nytimes.com
127721,oakdaleleader.com
127926,oakpark.com
127927,oakridger.com
128014,oanow.com
128159,oaoa.com
128259,observer-reporter.com
128344,observer.com
128441,observernewsonline.com
128452,ohio.com
128539,ojaivalleynews.com
128635,okgazette.com
128660,oklahoman.com
128747,okmagazine.com
128858,oleantimesherald.com
128999,omaha.com
129144,omahadailyrecord.com
129145,omakchronicle.com
129281,oneidadispatch.com
129424,onidawatchman.com
129502,onlineathens.com
129589,oologahonline.com
129592,opelikaobserver.com
129593,orangeleader.com
129740,orangevalesun.com
129741,oregonlive.com
129808,orlandosentinel.com
129884,orlandoweekly.com
129972,orovillemr.com
130115,osceolaiowa.com
130288,oskaloosa.com
130415,oswegocountynewsnow.com
130535,oswegocountytoday.com
130814,ottawaherald.com
130853,ottumwacourier.com
130980,oudaily.com
130988,ouraynews.com
130991,ourdavie.com
131138,ourmidland.com
131201,ovationtv.com
131217,overtoncountynews.com
131313,ovhdinstallers.co.za
131314,oxfordeagle.com
131461,ozonastockman.com
131464,pacificatribune.com
131577,pacificsun.com
131603,paducahsun.com
131867,paintsvilleherald.com
132030,pajaronian.com
132064,pal-item.com
132135,palatkadailynews.com
132191,palestineherald.com
132318,palmbeachdailynews.com
132405,palmbeachpost.com
132492,palmcoastobserver.com
132571,palmyra-spectator.com
132572,pamplinmedia.com
132653,panews.com
132800,panolian.com
132947,pantagraph.com
133092,paradisepost.com
133235,paragoulddailypress.com
133499,parents.com
133571,paris-express.com
133658,parisbeacon.com
133660,parispi.net
133668,parkerpioneer.net
133804,parkrapidsenterprise.com
133850,parkrecord.com
133907,parsippanyfocus.com
133909,parsonsadvocate.com
133910,parsonssun.com
134046,pasadenastarnews.com
134189,pasadenaweekly.com
134280,pasoroblesdailynews.com
134319,patriotledger.com
134406,paulsvalleydailydemocrat.com
134533,pawhuskajournalcapital.com
134620,pawneerepublican.com
134623,pawtuckettimes.com
134744,paysonroundup.com
134832,pcrecordtimes.com
134912,pdclarion.com
135176,pe.com
135319,peabodykansas.com
135320,pekintimes.com
135407,pelhamplus.com
135408,pendletontimespost.com
135546,pendoreillerivervalley.com
135608,pennlive.com
135675,peoplesdefender.com
135874,peoriatimes.com
135965,perhamfocus.com
136011,perrysburg.com
136014,personcountylife.com
136110,petaluma360.com
136236,petersburgpilot.com
136239,petoskeynews.com
136326,pghcitypaper.com
136327,pharostribune.com
136454,phillipscountynews.com
136725,philly.com
136833,philstar.com
136956,phoenixnewtimes.com
137068,picayuneitem.com
137215,pikecountynews.com
137355,pilotonline.com
137424,pinalcentral.com
137512,pineandlakes.com
137558,pinebluffspost.com
137829,pinecitymn.com
137914,pinedaleroundup.com
137994,pineisland-eagle.com
138082,pinejournal.com
138128,pingbacklinks.com
138129,pipestonestar.com
138398,pittnews.com
138448,pjmedia.com
138477,pjstar.com
138564,placersentinel.com
138565,plainsman.com
138645,plaintalk.net
138724,plaqueminesgazette.com
138727,plattecountylandmark.com
138728,pleasantonexpress.com
138997,plumasnews.com
138998,pnj.com
139069,pocahontastimes.com
139070,poconorecord.com
139157,pointandshoreland.com
139160,politico.com
139205,politics.slashdot.org
139255,polizeros.com
139256,polkio.com
139392,poncacitynews.com
139395,pontiacdailyleader.com
139482,portasouthjetty.com
139751,portclintonnewsherald.com
139822,portlandmercury.com
139893,portlandtribune.com
139974,portlavacawave.com
140113,post-gazette.com
140233,post-journal.com
140328,postandcourier.com
140448,postbulletin.com
140494,postcrescent.com
140565,postindependent.com
140622,postregister.com
140721,postsouth.com
140808,poststar.com
140953,poteaudailynews.com
140966,pratttribune.com
140979,prentissheadlight.com
141126,press-citizen.com
141197,pressandguide.com
141340,pressargus.com
141427,pressconnects.com
141498,pressdemocrat.com
141624,pressenterpriseonline.com
141625,pressherald.com
141682,pressofatlanticcity.com
141827,presspubs.com
141835,pressrepublican.com
141962,presstelegram.com
142105,primepublishers.com
142244,progress-index.com
142331,progresstimes.net
142358,providencejournal.com
142445,psdispatch.com
142644,publicopiniononline.com
142715,punxsutawneyspirit.com
142728,ridgwayrecord.com
142840,riograndesun.com
142958,ripleybee.com
143157,rivals.com
143250,riverfallsjournal.com
143369,riverfronttimes.com
143457,rivertownsenterprise.net
143535,roanoke-chowannewsherald.com
143682,roanoke.com
143827,robconews.com
143870,robesonian.com
144069,robsonranchviews.com
144070,rochellenews-leader.com
144150,rochsent.com
144414,rockawave.com
144417,rockdalenewtoncitizen.com
144568,rockfordsquire.com
144569,rockportpilot.com
144708,rockwallheraldbanner.com
144835,rockymounttelegram.com
144965,rollcall.com
145029,rosevilletoday.com
145030,rossford.com
145033,roundupweb.com
145302,rrdailyherald.com
145566,rrobserver.com
145602,rrstar.com
145689,ruidosonews.com
145759,rustonleader.com
145762,rutlandherald.com
145889,sacbee.com
145999,sacurrent.com
146087,salamancapress.com
146256,salemnews.com
146383,salemnews.net
146466,salina.com
146553,salisburypost.com
146700,salon.com
146813,salyersvilleindependent.com
147082,samessenger.com
147195,sanbenito.com
147229,sanclementetimes.com
147389,sandiegoreader.com
147390,sandmountainreporter.com
147391,sanduskyregister.com
147509,sanfordherald.com
147773,sanilaccountynews.mihomepaper.com
147774,sanjuanislander.com
147783,sanluisobispo.com
147893,sanmarcosrecord.com
147948,sansabanews.com
148001,santacruzsentinel.com
148144,santafenewmexican.com
148301,santamariatimes.com
148430,saratogasun.com
148701,saratogian.com
148844,saukvalley.com
149023,savannahbusinessjournal.com
149142,savannahnow.com
149229,sbsun.com
149372,scanews.com
149373,scledger.net
149376,scnow.com
149521,scsuntimes.com
149592,sctimes.com
149664,sdgnewsgroup.com
149778,seacoastecho.com
149918,seacoastonline.com
150005,sealynews.com
150008,seattlepi.com
150071,seeleylake.com
150075,seguingazette.com
150163,selmatimesjournal.com
150310,seminolesentinel.com
150313,semissourian.com
150333,sent-trib.com
150433,sentinel-echo.com
150560,sentinel-standard.com
150647,sentinelandenterprise.com
150790,sentinelprogress.com
150989,sentinelsource.com
151115,setonian.com
151200,sevendaysvt.com
151227,sfbayview.com
151250,sfchronicle.com
151313,sfexaminer.com
151457,sfgate.com
151520,sgvtribune.com
151663,sharonherald.com
151790,sheboyganpress.com
151861,shelbycountyreporter.com
152008,shelbynews.com
152272,shelbystar.com
152359,sheltonherald.com
152422,shepherdexpress.com
152451,shepherdstownchronicle.com
152539,shorelinemedia.net
152683,shoshonenewspress.com
152719,shreveporttimes.com
152790,si.com
152896,sidneyherald.com
153032,sierrasun.com
153089,signalamerican.com
153090,signalscv.com
153139,signpost.mywebermedia.com
153164,siliconvalley.com
153307,silive.com
153374,silverbelt.com
153454,silvertonstandard.com
153457,simivalleyacorn.com
153463,siouxcityjournal.com
153608,siskiyoudaily.com
153695,sj-r.com
153782,sjnewsonline.com
153795,sky.com
153927,skyhidailynews.com
153984,sleepyeyenews.com
153997,sltrib.com
154189,smdailyjournal.com
154318,smdailypress.com
154330,startribune.com
154458,state-journal.com
154577,stategazette.com
154597,statenews.com
154624,stateportpilot.com
154709,statepress.com
154882,statesman.com
154969,statesmanexaminer.com
155083,statesmanjournal.com
155154,statesville.com
155299,staugustine.com
155386,stauntonstartimes.com
155389,steamboatpilot.com
155446,steamboattoday.com
155503,steelcountrybee.com
155551,stevenspointjournal.com
155622,stgeorgeutah.com
155728,stiglernews.com
155731,stillwatercountynews.com
155757,stjamesnews.com
155770,stlamerican.com
155910,stltoday.com
156055,stmarynow.com
156087,stonecountyenterprise.com
156227,stormlake.com
156228,sturgisjournal.com
156315,stwnewspress.com
156442,styleweekly.com
156465,subletteexaminer.com
156545,suffolknewsherald.com
156692,sullivan-times.com
156770,sulphurdailynews.com
156917,sulphurtimes.com
156920,summitdaily.com
156977,sun-sentinel.com
157053,sunbirdnews.com
157054,suncommercial.com
157318,sundancetimes.com
157587,sungazette.com
157670,sunherald.com
157780,sunjournal.com
157842,sunnysidesun.com
157955,suntelegraph.com
158226,superiorne.com
158229,superiortelegram.com
158275,sussexcountian.com
158346,swartzcreekview.mihomepaper.com
158347,sweethomenews.com
158350,sweetwaterreporter.com
158362,tauntongazette.com
158449,taylorpress.net
158452,tbnweekly.com
158571,tcpalm.com
158642,tctimes.com
158779,tdn.com
158924,tdtnews.com
158932,techetoday.com
158964,tecumsehchieftain.com
158967,tehachapinews.com
159089,telegram.com
159176,telegramnews.net
159179,telegraphherald.com
159288,tennessean.com
159360,terrelltribune.com
159363,terrytribune.com
159389,tetonvalleynews.net
159522,texarkanagazette.com
159589,texastribune.org
159612,the-daily-record.com
159699,the-dispatch.com
159786,the-independent-news.com
159904,the-journal.com
159987,the-leader.com
160074,the-messenger.com
160338,the-review.com
160425,theabingtonjournal.com
160624,theacorn.com
160630,theadanews.com
160757,theadvertiser.com
160828,theadvocate.com
160956,thealmatimes.com
161041,thealpenanews.com
161136,thearabtribune.com
161221,theatlantavoice.com
161222,theatlantic.com
161242,theava.com
161243,thebatt.com
161328,theblacksheartimes.com
161413,theblaze.com
161629,thebraziltimes.com
161649,thebrunswicknews.com
161745,thebusinessfarmer.com
161825,thebusinesstimes.com
161848,thecalaisadvertiser.com
161849,thecalifornian.com
161920,thecamarilloacorn.com
161926,thecapistranodispatch.com
162095,thecarrollnews.com
162294,thecentralvirginian.com
162434,thecharlottepost.com
162435,thecharlotteweekly.com
162531,thecherokeean.com
162560,thechiefnews.com
162652,thechronicle-news.com
162665,thechronicleonline.com
162757,thecincinnatiherald.com
162781,theclackamasprint.net
162782,theclarionnews.com
162894,theclaycountynews.com
162897,theclaytontribune.com
162953,theclintoncourier.net
162954,theclintonjournal.com
163034,thecoastnews.com
163303,thecolumbiastar.com
163572,thecomanchechief.com
163657,thecommunityvoice.com
163665,theconcordinsider.com
163720,thecordovatimes.com
163721,thecorryjournal.com
163841,thecounty.me
163935,thecountypress.mihomepaper.com
163936,thecourier.com
164019,thecourierexpress.com
164159,thecouriertimes.com
164423,thecrimson.com
164456,thedahloneganugget.com
164516,thedailycitizen.com
164780,thedailyjournal.com
164851,thedailymail.net
164987,thedailynews.cc
165256,thedailynewsonline.com
165395,thedailyreporter.com
165482,thedailyreview.com
165602,thedailysentinel.com
165635,thedailystar.com
165762,thedailytimes.com
165924,thedailyworld.com
166057,thedalleschronicle.com
166197,thedartmouth.com
166302,theday.com
166418,thedcregister.com
166426,thedestinlog.com
166513,thedickinsonpress.com
166559,thedigitalcourier.com
166823,thedmonline.com
166896,thedowneypatriot.com
166897,thedrummer.com
166920,theeagle.com
167065,theenterprise.net
167066,theeveningleader.com
167079,thepilotnews.com
167191,theplanetweekly.com
167192,thepostandmail.com
167312,thepostathens.com
167313,thepostsearchlight.com
167460,thepress-sentinel.com
167520,thepress.net
167655,theprogressnews.com
167795,thepublicopinion.com
167882,therandolphleader.com
167967,thereader.com
167968,therecorderonline.com
167969,therecordherald.com
168056,therecordlive.com
168089,thereporter.com
168232,thereporteronline.com
168375,therepublic.com
168516,theretrospect.com
168519,theridgefieldpress.com
168582,theriverbanknews.com
168787,thermopir.com
168790,theroanokestar.com
168818,therogersvillereview.com
168965,thesalemnewsonline.com
169078,thesandpaper.net
169079,thesentinel.com
169087,thesheridanpress.com
169200,theshoalsnews.com
169318,thesiuslawnews.com
169398,theskanner.com
169573,thesmokymountaintimes.com
169633,thesnaponline.com
169780,thesnydernews.com
169783,thesouthend.wayne.edu
169868,thesouthern.com
170013,thespectrum.com
170084,thestarpress.com
170155,thestate.com
170265,thestbernardvoice.com
170268,thestokesnews.com
170467,thestranger.com
170538,thesunchronicle.com
170653,thesuntimes.com
170917,thetahoeweekly.com
170918,thetandd.com
171063,thetelegraph.com
171126,thethomasvilletimes.com
171395,thetimes-tribune.com
171534,thetimesherald.com
171605,thetimesnews.com
171692,thetimestribune.com
171819,thetoccoarecord.com
171879,thetomahawk.com
171981,thetombstonenews.com
172043,thetown-crier.com
172063,thetowntalk.com
172134,thetriangle.org
172403,thetruecitizen.com
172672,theunion.com
172729,theunionstar.com
172807,thevillagereporter.com
172835,thewalrus.ca
172837,thewashingtondailynews.com
172984,thewaynecountynews.com
173013,theweek.com
173208,theweekender.com
173407,thewesterlysun.com
173521,thewesternnews.com
173557,thewestonforum.com
173558,thewetumpkaherald.com
173730,theworldlink.com
173859,theyukonreview.com
173862,thinkprogress.org
173913,thisweeknews.com
174000,thnews.com
174012,waldo.villagesoup.com
174013,waldronnews.com
174140,walkermn.com
174284,wallowa.com
174423,waltonsun.com
174510,wapakdailynews.com
174524,washingtontimes.com
174567,washingtontimesreporter.com
174654,washtimesherald.com
174781,wataugademocrat.com
174913,watertowndailytimes.com
175052,waunetabreeze.com
175056,wausaudailyherald.com
175127,wausharaargus.com
175135,waxahachietx.com
175148,waynecountynews.com
175267,wcel.nwaonline.com
175334,wcexaminer.com
175449,wcfcourier.com
175594,wcmessenger.com
175863,wcpo.com
176071,wctrib.com
176117,wdtimes.com
176216,weatherforddemocrat.com
176343,webstercountycitizen.com
176439,weeklycitizen.com
176526,weirtondailytimes.com
176609,wellingtondailynews.com
176622,wenatcheeworld.com
176746,westernnebraskaobserver.net
177017,westessextribune.net
177020,westkentuckystar.com
177047,westportnow.com
177048,westsacramentosun.com
177049,westvalleyview.com
177140,westword.com
177255,whig.com
177368,whitecountynews.net
177424,whitefishpilot.com
177460,whitehallledger.com
177463,whitesalmonenterprise.com
177603,whittierdailynews.com
177746,wickedlocal.com
177833,williamsnews.com
177920,williamsondailynews.com
178039,williamsonherald.com
178157,willistonherald.com
178293,willitsnews.com
178436,wilsoncountynews.com
178705,wilsonpost.com
178852,wiltonbulletin.com
178915,winchesternewsgazette.com
179055,winchesterstar.com
179146,windomnews.com
179147,windycitytimes.com
179148,winonadailynews.com
179293,winonapost.com
179420,wiscnews.com
179565,wisconsinrapidstribune.com
179636,wjhnews.com
179644,wkcurrent.com
179706,wkuherald.com
179707,wmicentral.com
179795,womansday.com
179835,woodwardnews.net
179962,woonsocketcall.com
180083,wpnews.com
180168,wrangellsentinel.com
180171,wvgazettemail.com
180318,wvnews.com
180463,wyodaily.com
180734,wyomingnews.com
180875,wyopress.org
180960,yadkinripple.com
181159,yakimaherald.com
181323,yankton.net
181356,ydr.com
181427,yellowstone.net
181428,yesweekly.com
181525,yogajournal.com
181607,yorkdispatch.com
181678,yorknewstimes.com
181823,yourdailyglobe.com
182094,yourdailyjournal.com
182293,yourdu.net
182412,yourglenrosetx.com
182425,yourgv.com
182546,yourobserver.com
182625,yourstephenvilletx.com
182638,yoursun.com
182772,yumasun.com
182893,zanesvilletimesrecorder.com
